<?xml version="1.0" encoding="UTF-8"?>
<document id="DDI-MedLine.d15">
    <sentence id="DDI-MedLine.d15.s0" text="[Stimulation by cerulein--an analog of the octapeptide cholecystokinin--of 3H-spiroperidol binding after the long-term administration of neuroleptics];It has been established in experiments on white male rats that prolonged administration (twice a day for 14 days) of haloperidol (0.25 mg/kg) and pyreneperone (0.25 mg/kg) resulted in the reduced interaction between 3H-spiroperidol and low affinity binding sites for apomorphine in subcortical structures, whereas 3H-spiroperidol binding with high affinity binding sites for apomorphine increased both in the frontal cortex and subcortical structures of the forebrain. ">
        <entity id="DDI-MedLine.d15.s0.e0" charOffset="16-23"
            type="drug_n" text="cerulein"/>
        <entity id="DDI-MedLine.d15.s0.e1" charOffset="75-89"
            type="drug_n" text="3H-spiroperidol"/>
        <entity id="DDI-MedLine.d15.s0.e2" charOffset="137-148"
            type="group" text="neuroleptics"/>
        <entity id="DDI-MedLine.d15.s0.e3" charOffset="269-279"
            type="drug" text="haloperidol"/>
        <entity id="DDI-MedLine.d15.s0.e4" charOffset="298-309"
            type="drug_n" text="pyreneperone"/>
        <entity id="DDI-MedLine.d15.s0.e5" charOffset="368-382"
            type="drug_n" text="3H-spiroperidol"/>
        <entity id="DDI-MedLine.d15.s0.e6" charOffset="419-429"
            type="drug" text="apomorphine"/>
        <entity id="DDI-MedLine.d15.s0.e7" charOffset="466-480"
            type="drug_n" text="3H-spiroperidol"/>
        <entity id="DDI-MedLine.d15.s0.e8" charOffset="527-537"
            type="drug" text="apomorphine"/>
        <pair id="DDI-MedLine.d15.s0.p0" e1="DDI-MedLine.d15.s0.e0"
            e2="DDI-MedLine.d15.s0.e1" ddi="false"/>
        <pair id="DDI-MedLine.d15.s0.p1" e1="DDI-MedLine.d15.s0.e0"
            e2="DDI-MedLine.d15.s0.e2" ddi="false"/>
        <pair id="DDI-MedLine.d15.s0.p2" e1="DDI-MedLine.d15.s0.e0"
            e2="DDI-MedLine.d15.s0.e3" ddi="false"/>
        <pair id="DDI-MedLine.d15.s0.p3" e1="DDI-MedLine.d15.s0.e0"
            e2="DDI-MedLine.d15.s0.e4" ddi="false"/>
        <pair id="DDI-MedLine.d15.s0.p4" e1="DDI-MedLine.d15.s0.e0"
            e2="DDI-MedLine.d15.s0.e5" ddi="false"/>
        <pair id="DDI-MedLine.d15.s0.p5" e1="DDI-MedLine.d15.s0.e0"
            e2="DDI-MedLine.d15.s0.e6" ddi="false"/>
        <pair id="DDI-MedLine.d15.s0.p6" e1="DDI-MedLine.d15.s0.e0"
            e2="DDI-MedLine.d15.s0.e7" ddi="false"/>
        <pair id="DDI-MedLine.d15.s0.p7" e1="DDI-MedLine.d15.s0.e0"
            e2="DDI-MedLine.d15.s0.e8" ddi="false"/>
        <pair id="DDI-MedLine.d15.s0.p8" e1="DDI-MedLine.d15.s0.e1"
            e2="DDI-MedLine.d15.s0.e2" ddi="false"/>
        <pair id="DDI-MedLine.d15.s0.p9" e1="DDI-MedLine.d15.s0.e1"
            e2="DDI-MedLine.d15.s0.e3" ddi="false"/>
        <pair id="DDI-MedLine.d15.s0.p10" e1="DDI-MedLine.d15.s0.e1"
            e2="DDI-MedLine.d15.s0.e4" ddi="false"/>
        <pair id="DDI-MedLine.d15.s0.p11" e1="DDI-MedLine.d15.s0.e1"
            e2="DDI-MedLine.d15.s0.e5" ddi="false"/>
        <pair id="DDI-MedLine.d15.s0.p12" e1="DDI-MedLine.d15.s0.e1"
            e2="DDI-MedLine.d15.s0.e6" ddi="false"/>
        <pair id="DDI-MedLine.d15.s0.p13" e1="DDI-MedLine.d15.s0.e1"
            e2="DDI-MedLine.d15.s0.e7" ddi="false"/>
        <pair id="DDI-MedLine.d15.s0.p14" e1="DDI-MedLine.d15.s0.e1"
            e2="DDI-MedLine.d15.s0.e8" ddi="false"/>
        <pair id="DDI-MedLine.d15.s0.p15" e1="DDI-MedLine.d15.s0.e2"
            e2="DDI-MedLine.d15.s0.e3" ddi="false"/>
        <pair id="DDI-MedLine.d15.s0.p16" e1="DDI-MedLine.d15.s0.e2"
            e2="DDI-MedLine.d15.s0.e4" ddi="false"/>
        <pair id="DDI-MedLine.d15.s0.p17" e1="DDI-MedLine.d15.s0.e2"
            e2="DDI-MedLine.d15.s0.e5" ddi="false"/>
        <pair id="DDI-MedLine.d15.s0.p18" e1="DDI-MedLine.d15.s0.e2"
            e2="DDI-MedLine.d15.s0.e6" ddi="false"/>
        <pair id="DDI-MedLine.d15.s0.p19" e1="DDI-MedLine.d15.s0.e2"
            e2="DDI-MedLine.d15.s0.e7" ddi="false"/>
        <pair id="DDI-MedLine.d15.s0.p20" e1="DDI-MedLine.d15.s0.e2"
            e2="DDI-MedLine.d15.s0.e8" ddi="false"/>
        <pair id="DDI-MedLine.d15.s0.p21" e1="DDI-MedLine.d15.s0.e3"
            e2="DDI-MedLine.d15.s0.e4" ddi="false"/>
        <pair id="DDI-MedLine.d15.s0.p22" e1="DDI-MedLine.d15.s0.e3"
            e2="DDI-MedLine.d15.s0.e5" ddi="false"/>
        <pair id="DDI-MedLine.d15.s0.p23" e1="DDI-MedLine.d15.s0.e3"
            e2="DDI-MedLine.d15.s0.e6" ddi="false"/>
        <pair id="DDI-MedLine.d15.s0.p24" e1="DDI-MedLine.d15.s0.e3"
            e2="DDI-MedLine.d15.s0.e7" ddi="false"/>
        <pair id="DDI-MedLine.d15.s0.p25" e1="DDI-MedLine.d15.s0.e3"
            e2="DDI-MedLine.d15.s0.e8" ddi="false"/>
        <pair id="DDI-MedLine.d15.s0.p26" e1="DDI-MedLine.d15.s0.e4"
            e2="DDI-MedLine.d15.s0.e5" ddi="false"/>
        <pair id="DDI-MedLine.d15.s0.p27" e1="DDI-MedLine.d15.s0.e4"
            e2="DDI-MedLine.d15.s0.e6" ddi="false"/>
        <pair id="DDI-MedLine.d15.s0.p28" e1="DDI-MedLine.d15.s0.e4"
            e2="DDI-MedLine.d15.s0.e7" ddi="false"/>
        <pair id="DDI-MedLine.d15.s0.p29" e1="DDI-MedLine.d15.s0.e4"
            e2="DDI-MedLine.d15.s0.e8" ddi="false"/>
        <pair id="DDI-MedLine.d15.s0.p30" e1="DDI-MedLine.d15.s0.e5"
            e2="DDI-MedLine.d15.s0.e6" ddi="false"/>
        <pair id="DDI-MedLine.d15.s0.p31" e1="DDI-MedLine.d15.s0.e5"
            e2="DDI-MedLine.d15.s0.e7" ddi="false"/>
        <pair id="DDI-MedLine.d15.s0.p32" e1="DDI-MedLine.d15.s0.e5"
            e2="DDI-MedLine.d15.s0.e8" ddi="false"/>
        <pair id="DDI-MedLine.d15.s0.p33" e1="DDI-MedLine.d15.s0.e6"
            e2="DDI-MedLine.d15.s0.e7" ddi="false"/>
        <pair id="DDI-MedLine.d15.s0.p34" e1="DDI-MedLine.d15.s0.e6"
            e2="DDI-MedLine.d15.s0.e8" ddi="false"/>
        <pair id="DDI-MedLine.d15.s0.p35" e1="DDI-MedLine.d15.s0.e7"
            e2="DDI-MedLine.d15.s0.e8" ddi="false"/>
    </sentence>
    <sentence id="DDI-MedLine.d15.s1" text="After prolonged administration of neuroleptics the displacing effect of cerulein, an analog of cholecystokinin octapeptide, was replaced by the stimulant action on 3H-spiroperidol binding. ">
        <entity id="DDI-MedLine.d15.s1.e0" charOffset="34-45"
            type="group" text="neuroleptics"/>
        <entity id="DDI-MedLine.d15.s1.e1" charOffset="72-79"
            type="drug_n" text="cerulein"/>
        <entity id="DDI-MedLine.d15.s1.e2" charOffset="164-178"
            type="drug_n" text="3H-spiroperidol"/>
        <pair id="DDI-MedLine.d15.s1.p0" e1="DDI-MedLine.d15.s1.e0"
            e2="DDI-MedLine.d15.s1.e1" ddi="false"/>
        <pair id="DDI-MedLine.d15.s1.p1" e1="DDI-MedLine.d15.s1.e0"
            e2="DDI-MedLine.d15.s1.e2" ddi="false"/>
        <pair id="DDI-MedLine.d15.s1.p2" e1="DDI-MedLine.d15.s1.e1"
            e2="DDI-MedLine.d15.s1.e2" ddi="false"/>
    </sentence>
    <sentence id="DDI-MedLine.d15.s2" text="It is assumed that increased interaction between 3H-spiroperidol and high affinity binding sites for apomorphine on dopamine2- and serotonin2-receptors underlies the antipsychotic action of neuroleptics after their prolonged administration. ">
        <entity id="DDI-MedLine.d15.s2.e0" charOffset="49-63"
            type="drug_n" text="3H-spiroperidol"/>
        <entity id="DDI-MedLine.d15.s2.e1" charOffset="101-111"
            type="drug" text="apomorphine"/>
        <entity id="DDI-MedLine.d15.s2.e2" charOffset="190-201"
            type="group" text="neuroleptics"/>
        <pair id="DDI-MedLine.d15.s2.p0" e1="DDI-MedLine.d15.s2.e0"
            e2="DDI-MedLine.d15.s2.e1" ddi="false"/>
        <pair id="DDI-MedLine.d15.s2.p1" e1="DDI-MedLine.d15.s2.e0"
            e2="DDI-MedLine.d15.s2.e2" ddi="false"/>
        <pair id="DDI-MedLine.d15.s2.p2" e1="DDI-MedLine.d15.s2.e1"
            e2="DDI-MedLine.d15.s2.e2" ddi="false"/>
    </sentence>
    <sentence id="DDI-MedLine.d15.s3" text="Cholecystokinin octapeptide is a necessary factor for realization of this action of neuroleptics.">
        <entity id="DDI-MedLine.d15.s3.e0" charOffset="84-95"
            type="group" text="neuroleptics"/>
    </sentence>
</document>
